{
  "name": "angular-touch",
  "version": "1.5.8",
  "license": "MIT",
  "main": "./angular-touch.js",
  "ignore": [],
  "dependencies": {
    "angular": "1.5.8"
  },
  "homepage": "https://github.com/angular/bower-angular-touch",
  "_release": "1.5.8",
  "_resolution": {
    "type": "version",
    "tag": "v1.5.8",
    "commit": "303bfa9e400b2536dbc9e9fe781b31c2cab34665"
  },
  "_source": "https://github.com/angular/bower-angular-touch.git",
  "_target": "1.x",
  "_originalSource": "angular-touch"
}