{
  "name": "angular-youtube-api-factory",
  "homepage": "https://github.com/JohnnyTheTank/angular-youtube-api-factory",
  "authors": [
    "Jonathan Hornung <jonathan.hornung@gmail.com>"
  ],
  "version": "0.6.0",
  "description": "angular factory for youtube rest api connection",
  "main": "dist/angular-youtube-api-factory.min.js",
  "moduleType": [],
  "keywords": [
    "youtube",
    "angularjs",
    "rest",
    "api",
    "json"
  ],
  "license": "MIT",
  "ignore": [
    "**/.*",
    "node_modules",
    "bower_components",
    "test",
    "tests"
  ],
  "dependencies": {
    "angular": "*"
  },
  "_release": "0.6.0",
  "_resolution": {
    "type": "version",
    "tag": "v0.6.0",
    "commit": "5822dad7e09d803c6d843f138255b2bce99eabdc"
  },
  "_source": "https://github.com/JohnnyTheTank/angular-youtube-api-factory.git",
  "_target": "^0.6.0",
  "_originalSource": "angular-youtube-api-factory"
}